{"cameraMode":{"drawMode":0,"name":"Shaded","section":"Shading Mode"},"sceneLighting":true,"audioPlay":false,"sceneViewState":{"m_AlwaysRefresh":false,"showFog":true,"showSkybox":true,"showFlares":true,"showImageEffects":true,"showParticleSystems":true,"showVisualEffectGraphs":true,"m_FxEnabled":true},"in2DMode":false,"pivot":{"x":3.407879114151001,"y":14.861101150512696,"z":-15.725616455078125},"rotation":{"x":-0.27304503321647646,"y":0.04146087169647217,"z":-0.011719410307705403,"w":-0.9610682129859924},"size":5.244955539703369,"orthographic":false}