{"cameraMode":{"drawMode":0,"name":"Shaded","section":"Shading Mode"},"sceneLighting":true,"audioPlay":false,"sceneViewState":{"m_AlwaysRefresh":false,"showFog":true,"showSkybox":true,"showFlares":true,"showImageEffects":true,"showParticleSystems":true,"showVisualEffectGraphs":true,"m_FxEnabled":true},"in2DMode":false,"pivot":{"x":3.8743999004364015,"y":-0.19042621552944184,"z":-4.885014533996582},"rotation":{"x":-0.29004910588264468,"y":-0.14465934038162232,"z":0.04440160095691681,"w":-0.9449765086174011},"size":5.998608589172363,"orthographic":false}